42.546245,1.6015540000000001,"AD","ANDORRA"
23.424076,53.847818000000004,"AE","UNITED ARAB EMIRATES"
33.93911,67.709953,"AF","AFGHANISTAN"
17.060816,-61.796428000000006,"AG","ANTIGUA AND BARBUDA"
18.220554,-63.068615,"AI","ANGUILLA"
41.153332,20.168331,"AL","ALBANIA"
40.069099,45.038189,"AM","ARMENIA"
-11.202691999999999,17.873887,"AO","ANGOLA"
-75.250973,-0.071389,"AQ","ANTARCTICA"
-38.416097,-63.616671999999994,"AR","ARGENTINA"
-14.270972,-170.132217,"AS","AMERICAN SAMOA"
47.516231,14.550072,"AT","AUSTRIA"
-25.274398,133.775136,"AU","AUSTRALIA"
12.52111,-69.968338,"AW","ARUBA"
60.11666700000001,19.9,"AX","ALAND ISLANDS"
40.143105,47.576927000000005,"AZ","AZERBAIJAN"
43.915886,17.679076000000002,"BA","BOSNIA AND HERZEGOVINA"
13.193887,-59.543198,"BB","BARBADOS"
23.684994,90.35633100000001,"BD","BANGLADESH"
50.503887,4.469936,"BE","BELGIUM"
12.238333,-1.561593,"BF","BURKINA FASO"
42.733883,25.48583,"BG","BULGARIA"
25.930414000000003,50.637772,"BH","BAHRAIN"
-3.3730559999999996,29.918885999999997,"BI","BURUNDI"
9.30769,2.315834,"BJ","BENIN"
17.916667,-62.833332999999996,"BL","SAINT BARTHELEMY"
32.321384,-64.75737,"BM","BERMUDA"
4.535277,114.72766899999999,"BN","BRUNEI"
-16.290154,-63.588653,"BO","BOLIVIA"
12.183333,-68.25,"BQ","BONAIRE, SINT EUSTATIUS AND SABA"
-14.235004,-51.92528,"BR","BRAZIL"
25.03428,-77.39628,"BS","BAHAMAS"
27.514162,90.433601,"BT","BHUTAN"
-54.423199,3.4131940000000003,"BV","BOUVET ISLAND"
-22.328474,24.684866,"BW","BOTSWANA"
53.709807,27.953389,"BY","BELARUS"
17.189877,-88.49765,"BZ","BELIZE"
56.130366,-106.34677099999999,"CA","CANADA"
-4.038333000000001,21.758664000000003,"CD","CONGO [DRC]"
6.611111,20.939444,"CF","CENTRAL AFRICAN REPUBLIC"
-0.228021,15.827658999999999,"CG","CONGO [REPUBLIC]"
46.818188,8.227511999999999,"CH","SWITZERLAND"
7.539989,-5.54708,"CI","CÔTE D'IVOIRE"
-21.236735999999997,-159.777671,"CK","COOK ISLANDS"
-35.675146999999996,-71.542969,"CL","CHILE"
7.369722,12.354722,"CM","CAMEROON"
35.86166,104.195397,"CN","CHINA"
4.570868,-74.297333,"CO","COLOMBIA"
9.748917,-83.753428,"CR","COSTA RICA"
21.521757,-77.78116700000001,"CU","CUBA"
16.002082,-24.013197,"CV","CAPE VERDE"
12.183333,-69.0,"CW","CURACAO"
35.126413,33.429859,"CY","CYPRUS"
49.817492,15.472961999999999,"CZ","CZECH REPUBLIC"
51.165690999999995,10.451526,"DE","GERMANY"
11.825138,42.590275,"DJ","DJIBOUTI"
56.26392,9.501785,"DK","DENMARK"
15.414999,-61.370976,"DM","DOMINICA"
18.735692999999998,-70.162651,"DO","DOMINICAN REPUBLIC"
28.033886,1.6596259999999998,"DZ","ALGERIA"
-1.8312389999999998,-78.183406,"EC","ECUADOR"
58.595271999999994,25.013607,"EE","ESTONIA"
26.820553000000004,30.802497999999996,"EG","EGYPT"
15.179383999999999,39.782334000000006,"ER","ERITREA"
40.463667,-3.7492199999999998,"ES","SPAIN"
9.145,40.489672999999996,"ET","ETHIOPIA"
61.92411,25.748151,"FI","FINLAND"
-16.578193,179.414413,"FJ","FIJI"
-51.796253,-59.523613,"FK","FALKLAND ISLANDS [ISLAS MALVINAS]"
7.425553999999999,150.550812,"FM","MICRONESIA"
61.892635,-6.9118059999999995,"FO","FAROE ISLANDS"
46.227638,2.213749,"FR","FRANCE"
-0.803689,11.609444,"GA","GABON"
55.378051,-3.435973,"GB","UNITED KINGDOM"
12.262775999999999,-61.604170999999994,"GD","GRENADA"
42.315407,43.356891999999995,"GE","GEORGIA"
3.9338889999999997,-53.125781999999994,"GF","FRENCH GUIANA"
49.465691,-2.5852779999999997,"GG","GUERNSEY"
7.946527000000001,-1.0231940000000002,"GH","GHANA"
36.137741,-5.345374,"GI","GIBRALTAR"
71.706936,-42.604303,"GL","GREENLAND"
13.443182,-15.310139000000001,"GM","GAMBIA"
9.945587,-9.696645,"GN","GUINEA"
16.995971,-62.067641,"GP","GUADELOUPE"
1.6508009999999997,10.267895,"GQ","EQUATORIAL GUINEA"
39.074208,21.824312,"GR","GREECE"
15.783470999999999,-90.23075899999999,"GT","GUATEMALA"
13.444304,144.793731,"GU","GUAM"
11.803749,-15.180413,"GW","GUINEA-BISSAU"
4.860416000000001,-58.93018000000001,"GY","GUYANA"
22.396428,114.10949699999999,"HK","HONG KONG"
15.199998999999998,-86.241905,"HN","HONDURAS"
45.1,15.2,"HR","CROATIA"
18.971187,-72.28521500000001,"HT","HAITI"
47.162494,19.503304,"HU","HUNGARY"
-0.789275,113.921327,"ID","INDONESIA"
53.41291,-8.243889999999999,"IE","IRELAND"
31.046051000000002,34.851612,"IL","ISRAEL"
54.236107,-4.548056,"IM","ISLE OF MAN"
20.593684,78.96288,"IN","INDIA"
-6.343194,71.87651899999999,"IO","BRITISH INDIAN OCEAN TERRITORY"
33.223191,43.679291,"IQ","IRAQ"
32.427908,53.68804599999999,"IR","IRAN"
64.96305100000001,-19.020835,"IS","ICELAND"
41.87194,12.56738,"IT","ITALY"
49.214439,-2.13125,"JE","JERSEY"
18.109581,-77.297508,"JM","JAMAICA"
30.585164000000002,36.238414,"JO","JORDAN"
36.204824,138.252924,"JP","JAPAN"
-0.023559,37.906193,"KE","KENYA"
41.20438,74.766098,"KG","KYRGYZSTAN"
12.565679,104.990963,"KH","CAMBODIA"
-3.3704169999999998,-168.734039,"KI","KIRIBATI"
-11.875001,43.872219,"KM","COMOROS"
17.357822,-62.782998,"KN","SAINT KITTS AND NEVIS"
40.339852,127.510093,"KP","NORTH KOREA"
35.907757000000004,127.766922,"KR","SOUTH KOREA"
29.311659999999996,47.481766,"KW","KUWAIT"
19.513469,-80.566956,"KY","CAYMAN ISLANDS"
48.019573,66.923684,"KZ","KAZAKHSTAN"
19.856270000000002,102.495496,"LA","LAOS"
33.854721000000005,35.862285,"LB","LEBANON"
13.909444,-60.97889300000001,"LC","SAINT LUCIA"
47.166000000000004,9.555373,"LI","LIECHTENSTEIN"
7.873054,80.77179699999999,"LK","SRI LANKA"
6.4280550000000005,-9.429499,"LR","LIBERIA"
-29.609988,28.233608,"LS","LESOTHO"
55.169438,23.881275,"LT","LITHUANIA"
49.815273,6.129583,"LU","LUXEMBOURG"
56.879635,24.603189,"LV","LATVIA"
26.3351,17.228331,"LY","LIBYA"
31.791702,-7.09262,"MA","MOROCCO"
43.750298,7.412841,"MC","MONACO"
47.411631,28.369884999999996,"MD","MOLDOVA"
42.708678000000006,19.37439,"ME","MONTENEGRO"
18.0731,-63.0822,"MF","SAINT MARTIN (FRENCH PART)"
-18.766947000000002,46.869107,"MG","MADAGASCAR"
7.131474000000001,171.184478,"MH","MARSHALL ISLANDS"
41.608635,21.745275,"MK","MACEDONIA [FYROM]"
17.570692,-3.9961660000000006,"ML","MALI"
21.913965,95.956223,"MM","MYANMAR [BURMA]"
46.862496,103.84665600000001,"MN","MONGOLIA"
22.198745000000002,113.543873,"MO","MACAU"
17.33083,145.38468999999998,"MP","NORTHERN MARIANA ISLANDS"
14.641528,-61.024174,"MQ","MARTINIQUE"
21.00789,-10.940835,"MR","MAURITANIA"
16.742498,-62.187366000000004,"MS","MONTSERRAT"
35.937496,14.375416,"MT","MALTA"
-20.348404000000002,57.552152,"MU","MAURITIUS"
3.202778,73.22068,"MV","MALDIVES"
-13.254307999999998,34.301525,"MW","MALAWI"
23.634501,-102.552784,"MX","MEXICO"
4.210483999999999,101.97576600000001,"MY","MALAYSIA"
-18.665695,35.529562,"MZ","MOZAMBIQUE"
-22.957639999999998,18.49041,"NA","NAMIBIA"
-20.904304999999997,165.618042,"NC","NEW CALEDONIA"
17.607789,8.081666,"NE","NIGER"
-29.040834999999998,167.954712,"NF","NORFOLK ISLAND"
9.081999,8.675277000000001,"NG","NIGERIA"
12.865416,-85.207229,"NI","NICARAGUA"
52.132633,5.291266,"NL","NETHERLANDS"
60.472024,8.468946,"NO","NORWAY"
28.394857000000002,84.12400799999999,"NP","NEPAL"
-0.522778,166.931503,"NR","NAURU"
-19.054445,-169.867233,"NU","NIUE"
-40.900557,174.88597099999998,"NZ","NEW ZEALAND"
21.512583,55.923255000000005,"OM","OMAN"
8.537981,-80.782127,"PA","PANAMA"
-9.189967,-75.015152,"PE","PERU"
-17.679742,-149.40684299999998,"PF","FRENCH POLYNESIA"
-6.314993,143.95555,"PG","PAPUA NEW GUINEA"
12.879721,121.77401699999999,"PH","PHILIPPINES"
30.375321000000003,69.345116,"PK","PAKISTAN"
51.919438,19.145135999999997,"PL","POLAND"
46.941936,-56.27111,"PM","SAINT PIERRE AND MIQUELON"
18.220833,-66.590149,"PR","PUERTO RICO"
31.952162,35.233154,"PS","PALESTINIAN TERRITORIES"
39.399871999999995,-8.224454,"PT","PORTUGAL"
7.51498,134.58252,"PW","PALAU"
-23.442503,-58.44383199999999,"PY","PARAGUAY"
25.354826,51.183884,"QA","QATAR"
-21.115141,55.536384,"RE","RÉUNION"
45.943160999999996,24.96676,"RO","ROMANIA"
44.016521000000004,21.005859,"RS","SERBIA"
61.52401,105.31875600000001,"RU","RUSSIA"
-1.940278,29.873888,"RW","RWANDA"
23.885942,45.079162,"SA","SAUDI ARABIA"
-9.645710000000001,160.156194,"SB","SOLOMON ISLANDS"
-4.679574,55.491977,"SC","SEYCHELLES"
12.862807,30.217636,"SD","SUDAN"
60.128161,18.643501,"SE","SWEDEN"
1.352083,103.819836,"SG","SINGAPORE"
46.151241,14.995463,"SI","SLOVENIA"
48.669026,19.699023999999998,"SK","SLOVAKIA"
8.460555000000001,-11.779889,"SL","SIERRA LEONE"
43.94236,12.457777,"SM","SAN MARINO"
14.497401000000002,-14.452361999999999,"SN","SENEGAL"
5.152149,46.199616,"SO","SOMALIA"
3.9193050000000005,-56.02778299999999,"SR","SURINAME"
4.85,31.6,"SS","SOUTH SUDAN"
0.18636,6.613081,"ST","SÃO TOMÉ AND PRÍNCIPE"
13.794185,-88.89653,"SV","EL SALVADOR"
18.033333,-63.05,"SX","SINT MAARTEN (DUTCH PART)"
34.802075,38.996815000000005,"SY","SYRIA"
-26.522503000000004,31.465866,"SZ","SWAZILAND"
21.694025,-71.797928,"TC","TURKS AND CAICOS ISLANDS"
15.454166,18.732207,"TD","CHAD"
8.619543,0.824782,"TG","TOGO"
15.870032,100.992541,"TH","THAILAND"
38.861034000000004,71.276093,"TJ","TAJIKISTAN"
-8.967363,-171.855881,"TK","TOKELAU"
-8.874217,125.727539,"TL","TIMOR-LESTE"
38.969719,59.556278000000006,"TM","TURKMENISTAN"
33.886917,9.537499,"TN","TUNISIA"
-21.178986,-175.198242,"TO","TONGA"
38.963745,35.243322,"TR","TURKEY"
10.691803,-61.222503,"TT","TRINIDAD AND TOBAGO"
-7.109535,177.64933,"TV","TUVALU"
23.69781,120.96051499999999,"TW","TAIWAN"
-6.369028,34.888822,"TZ","TANZANIA"
48.379433,31.16558,"UA","UKRAINE"
1.373333,32.290275,"UG","UGANDA"
19.295278,166.631111,"UM","U.S. MINOR OUTLYING ISLANDS"
37.09024,-95.712891,"US","UNITED STATES"
-32.522779,-55.765834999999996,"UY","URUGUAY"
41.377491,64.585262,"UZ","UZBEKISTAN"
41.902916,12.453389,"VA","VATICAN CITY"
12.984305,-61.287228000000006,"VC","SAINT VINCENT AND THE GRENADINES"
6.42375,-66.58973,"VE","VENEZUELA"
18.420695000000002,-64.63996800000001,"VG","BRITISH VIRGIN ISLANDS"
18.335765,-64.896335,"VI","U.S. VIRGIN ISLANDS"
14.058323999999999,108.277199,"VN","VIETNAM"
-15.376706,166.959158,"VU","VANUATU"
-13.768752,-177.156097,"WF","WALLIS AND FUTUNA"
-13.759029,-172.10462900000002,"WS","SAMOA"
15.552726999999999,48.516388,"YE","YEMEN"
-12.8275,45.166244,"YT","MAYOTTE"
-30.559482,22.937506,"ZA","SOUTH AFRICA"
-13.133897,27.849332,"ZM","ZAMBIA"
-19.015438,29.154857,"ZW","ZIMBABWE"